Pixel dist,Real dist
69.0,10.0
127.01574705523721,20.0
163.11039206623224,30.0
196.02295783912658,40.0
220.08180297334897,50.0
238.01890681204299,60.0
249.0,70.0
254.07085625864295,80.0
276.0018115882575,90.0
