Pixel dist,Real dist
100.51119340650573,5.0
132.57639307206995,10.0
167.59027418081277,15.0
189.61144480225872,20.0
210.6003323834034,25.0
227.62359280180075,30.0
238.58855798214634,35.0
248.61315331253093,40.0
256.60962569630937,45.0
263.6067146337513,50.0
265.6360291827899,55.0
273.6320522161101,60.0
282.55353475049645,65.0
285.6580123154259,70.0
293.6230576776967,75.0
