Pixel dist,Real dist
66.0,5.0
111.00450441310929,10.0
136.0036764208968,15.0
143.0034964607509,20.0
158.02847844613325,25.0
166.01204775557707,30.0
179.0446871593793,35.0
183.06829326784035,40.0
190.04210059878838,45.0
200.0399960007998,50.0
209.03827400741713,55.0
