Pixel dist,Real dist
33.514922049737784,5.0
60.508263898413084,10.0
88.52259598543188,15.0
114.5174659167762,20.0
138.50361006125436,25.0
157.51269790083592,30.0
176.52549390952004,35.0
191.52349725294806,40.0
204.56111556207352,45.0
214.55826714438203,50.0
223.58052240747628,55.0
230.57807788252552,60.0
235.60401100151074,65.0
242.63192287908035,70.0
250.62771195540208,75.0
258.6237614760098,80.0
