Pixel dist,Real dist
109.59242674564699,5.0
133.5234061878291,10.0
165.42823217335064,15.0
187.41531420884473,20.0
203.4367223487441,25.0
217.77166941546827,30.0
227.9309105847647,35.0
238.86502464781233,40.0
243.94364103210398,45.0
252.89226955365797,50.0
262.83930451893985,55.0
271.89428092550975,60.0
