Pixel dist,Real dist
35.05709628591621,5.0
99.04544411531506,10.0
142.12670403551894,15.0
175.10282693320517,20.0
198.12369873389704,25.0
218.14673960433146,30.0
230.13908837917995,35.0
247.1639132235934,40.0
255.28219679405768,45.0
264.27258654654287,50.0
